CIK,Change Jaccard,Change TFID,Change W2V,Common Words,Deleted Words,New Words,Number of Words,Top words,Year
1428765,0.779109589041,0.586862207349,0.163196272921,0.220890410959,0.240582191781,0.53852739726,9867,"['plastic', 'recycl', 'materi', 'vehicl', 'shredder', 'use', 'process', 'automot', 'compound', 'product']",2014
1428765,0.779109589041,0.108960507339,0.0237003269702,0.220890410959,0.53852739726,0.240582191781,2332,"['plastic', 'recycl', 'agilyx', 'compani', 'envirotech', 'materi', 'green', 'use', 'vehicl', 'formal']",2009
1428765,0.697440585009,0.835041589172,0.403645219948,0.302559414991,0.19012797075,0.50731261426,5024,"['million', 'incom', 'fiscal', 'net', 'coffe', 'compani', 'tax', 'consolid', 'keurig', 'expens']",2011
1428765,0.211099020675,0.825780922936,0.497155770217,0.788900979325,0.175190424374,0.0359085963003,3829,"['oil', 'tire', 'compani', 'process', 'envirotech', 'plastic', 'geth', 'green', 'plant', 'reactor']",2010
1428765,0.711229946524,0.807266464764,0.54022628441,0.288770053476,0.52192513369,0.189304812834,1931,"['million', 'novemb', 'loss', 'compar', 'credit', 'end', 'railcar', 'asset', 'earn', 'period']",2013
1428765,0.825620389001,0.81068368468,0.480402863802,0.174379610999,0.125419181757,0.700201207243,23985,"['oil', 'tire', 'compani', 'process', 'geth', 'plastic', 'barrel', 'envirotech', 'green', 'black']",2012
861459,0.739215686275,0.0254686419706,0.00942843030522,0.260784313725,0.51862745098,0.220588235294,3253,"['construct', 'granit', 'contract', 'project', 'equip', 'revenu', 'includ', 'west', 'oper', 'sector']",2015
861459,0.73487544484,0.0380703501066,0.00950373655458,0.26512455516,0.171708185053,0.563167259786,6214,"['granit', 'construct', 'project', 'contract', 'equip', 'includ', 'oper', 'west', 'revenu', 'profit']",2014
861459,0.307385229541,0.14002562781,0.0522865990286,0.692614770459,0.236526946108,0.0708582834331,3696,"['construct', 'project', 'contract', 'manag', 'includ', 'materi', 'oper', 'segment', 'equip', 'granit']",2008
861459,0.105134474328,0.00948413078189,0.00135632546722,0.894865525672,0.0403422982885,0.0647921760391,3978,"['construct', 'project', 'contract', 'manag', 'includ', 'materi', 'equip', 'oper', 'segment', 'granit']",2009
861459,0.280462184874,0.0191498567963,0.00370553441238,0.719537815126,0.105042016807,0.175420168067,5077,"['construct', 'project', 'contract', 'manag', 'includ', 'materi', 'granit', 'compani', 'presid', 'equip']",2011
861459,0.0661434977578,0.0414685545405,0.0140834271227,0.933856502242,0.0213004484305,0.0448430493274,5219,"['construct', 'project', 'contract', 'manag', 'segment', 'includ', 'oper', 'materi', 'compani', 'work']",2013
861459,0.0456621004566,0.832864601355,0.327921149856,0.954337899543,0.0422374429224,0.00342465753425,4842,"['kcpl', 'gmo', 'plain', 'great', 'energi', 'presid', 'missouri', 'vice', 'electr', 'power']",2012
1084765,0.458937198068,0.0182319456263,0.0792820942037,0.541062801932,0.221532091097,0.23740510697,7849,"['client', 'manag', 'servic', 'profession', 'project', 'compani', 'assist', 'provid', 'associ', 'offic']",2015
1084765,0.464411557435,0.113444743857,0.191432427326,0.535588442565,0.259337561663,0.205073995772,10289,"['client', 'manag', 'servic', 'rgp', 'compani', 'consult', 'profession', 'busi', 'project', 'provid']",2008
1084765,0.460810810811,2.22044604925e-16,-1.11022302463e-15,0.539189189189,0.170945945946,0.289864864865,9074,"['client', 'manag', 'servic', 'rgp', 'compani', 'consult', 'profession', 'busi', 'project', 'provid']",2009
1084765,0.0,2.22044604925e-16,-1.11022302463e-15,1.0,0.0,0.0,9074,"['client', 'manag', 'servic', 'rgp', 'compani', 'consult', 'profession', 'busi', 'project', 'provid']",2011
1084765,0.0,0.0283444521717,0.0679350953992,1.0,0.0,0.0,9074,"['client', 'manag', 'rgp', 'servic', 'consult', 'compani', 'profession', 'provid', 'develop', 'busi']",2010
1050446,0.4795221843,0.0227533868309,0.0104803146745,0.5204778157,0.135381114903,0.344141069397,11614,"['microstrategi', 'busi', 'report', 'user', 'intellig', 'data', 'custom', 'product', 'inform', 'provid']",2015
1050446,0.761061946903,0.0155675101348,0.00666809759544,0.238938053097,0.508357915438,0.252704031465,8902,"['microstrategi', 'busi', 'report', 'intellig', 'user', 'data', 'custom', 'inform', 'platform', 'product']",2014
1050446,0.753217683268,0.255699750937,0.0366420306436,0.246782316732,0.312814773363,0.440402909905,8126,"['microstrategi', 'analyt', 'mobil', 'data', 'platform', 'usher', 'busi', 'user', 'custom', 'secur']",2008
1050446,0.186252771619,0.262058805786,0.0361445215782,0.813747228381,0.0938654841094,0.0923872875092,8687,"['microstrategi', 'busi', 'intellig', 'report', 'user', 'data', 'custom', 'inform', 'platform', 'product']",2009
1050446,0.221471471471,0.0458085938849,0.0216699368565,0.778528528529,0.141891891892,0.0795795795796,7610,"['microstrategi', 'busi', 'user', 'data', 'intellig', 'report', 'custom', 'mobil', 'inform', 'platform']",2011
1050446,0.597277368123,0.770304879828,0.327772060921,0.402722631877,0.245604083948,0.351673284175,8460,"['picop', 'display', 'technolog', 'product', 'imag', 'develop', 'patent', 'laser', 'projector', 'custom']",2010
1050446,0.771628498728,0.928909983179,0.894243189735,0.228371501272,0.617684478372,0.153944020356,3242,"['loan', 'bank', 'middleburg', 'feder', 'compani', 'regul', 'act', 'deposit', 'institut', 'reserv']",2013
1050446,0.779187817259,0.893056440437,0.909148516747,0.220812182741,0.160532994924,0.618654822335,8877,"['microstrategi', 'data', 'busi', 'mobil', 'user', 'intellig', 'app', 'cloud', 'servic', 'social']",2012
1084991,0.689279731993,-4.4408920985e-16,1.66533453694e-15,0.310720268007,0.341708542714,0.34757118928,5362,"['ga', 'compressor', 'natur', 'product', 'rental', 'custom', 'oil', 'oper', 'equip', 'environment']",2015
1084991,0.729851708575,0.0245773962213,0.0237706255775,0.270148291425,0.236621534494,0.493230174081,6610,"['ga', 'compressor', 'natur', 'custom', 'rental', 'product', 'oper', 'equip', 'servic', 'compress']",2014
1084991,0.734364925854,0.0,1.66533453694e-15,0.265635074146,0.49774339136,0.236621534494,4757,"['ga', 'compressor', 'natur', 'custom', 'rental', 'product', 'oper', 'equip', 'servic', 'compress']",2008
1084991,0.182266009852,0.806667360157,0.451530839257,0.817733990148,0.141625615764,0.0406403940887,4181,"['distributor', 'product', 'market', 'nht', 'commiss', 'sell', 'china', 'regul', 'direct', 'dietari']",2009
1084991,0.0,0.789930313949,0.39083792701,1.0,0.0,0.0,4181,"['ga', 'compressor', 'natur', 'product', 'custom', 'rental', 'oil', 'oper', 'equip', 'environment']",2010
1084991,0.208737864078,0.786249386255,0.412670504654,0.791262135922,0.0546116504854,0.154126213592,4476,"['distributor', 'product', 'market', 'nht', 'commiss', 'sell', 'china', 'supplement', 'regul', 'dietari']",2013
1084991,0.729571984436,0.803413204865,0.513062993703,0.270428015564,0.234760051881,0.494811932555,6834,"['insur', 'compani', 'agent', 'casualti', 'premium', 'reserv', 'claim', 'nsic', 'subsidiari', 'adjust']",2012
1289340,0.718888186987,0.0172230024549,0.0120390376796,0.281111813013,0.622236260265,0.0966519267214,3358,"['intervent', 'devic', 'procedur', 'cathet', 'niob', 'control', 'physician', 'product', 'use', 'tip']",2014
1289340,0.774674115456,0.0416604807054,0.00382391021582,0.225325884544,0.145872129112,0.628801986344,12365,"['intervent', 'procedur', 'devic', 'cathet', 'control', 'physician', 'product', 'biosens', 'use', 'heart']",2009
1289340,0.108401084011,0.834161227139,0.895374285523,0.891598915989,0.0406504065041,0.0677506775068,12912,"['advisor', 'real', 'estat', 'loan', 'keybank', 'lahaina', 'invest', 'properti', 'default', 'asset']",2007
1289340,0.200767263427,0.708497028346,0.289149905525,0.799232736573,0.106138107417,0.0946291560102,11891,"['compani', 'share', 'warrant', 'exercis', 'stock', 'issu', 'convert', 'convers', 'note', 'common']",2013
1178970,0.978955572876,0.000791986179294,0.000882614712284,0.0210444271239,0.976617303196,0.00233826968044,65,"['bank', 'loan', 'compani', 'rate', 'secur', 'risk', 'capit', 'asset', 'feder', 'commerci']",2015
1178970,0.979246733282,0.00195515333418,0.00202464994738,0.0207532667179,0.00230591852421,0.976940814758,15978,"['bank', 'loan', 'rate', 'compani', 'secur', 'risk', 'capit', 'asset', 'feder', 'commerci']",2008
1178970,0.074780058651,0.00372740434563,0.00143557731753,0.925219941349,0.0263929618768,0.0483870967742,16655,"['bank', 'loan', 'rate', 'compani', 'million', 'asset', 'risk', 'decemb', 'secur', 'capit']",2009
1178970,0.0880230880231,0.00504328636943,0.00282463668854,0.911976911977,0.046176046176,0.041847041847,17000,"['bank', 'loan', 'compani', 'rate', 'asset', 'decemb', 'risk', 'capit', 'secur', 'million']",2010
1178970,0.134815844336,0.92534649275,2.49833541423,0.865184155664,0.0535093815149,0.0813064628214,18088,"['corpor', 'ordinari', 'legal', 'time', 'k', 'busi', 'materi', 'financi', 'end', 'posit']",2013
874866,0.72064186725,0.00222381059922,0.00200271264086,0.27935813275,0.333333333333,0.387308533917,12872,"['compani', 'servic', 'manag', 'corvel', 'medic', 'claim', 'provid', 'cost', 'review', 'worker']",2015
874866,0.60316413975,0.0838695448104,0.0234453461281,0.39683586025,0.205669083718,0.397495056032,19453,"['compani', 'servic', 'provid', 'manag', 'medic', 'worker', 'cost', 'care', 'custom', 'claim']",2014
874866,0.712397734424,0.0179549144417,0.00940511254319,0.287602265576,0.470736312146,0.241661422278,6700,"['compani', 'servic', 'provid', 'medic', 'manag', 'worker', 'care', 'network', 'cost', 'claim']",2008
874866,0.374321880651,0.0961724821077,0.0343303357766,0.625678119349,0.134719710669,0.239602169982,9245,"['compani', 'servic', 'manag', 'corvel', 'medic', 'claim', 'provid', 'cost', 'review', 'worker']",2009
874866,0.374321880651,0.710127521813,0.422114436449,0.625678119349,0.239602169982,0.134719710669,6700,"['loopnet', 'merger', 'costar', 'net', 'compani', 'statement', 'agreement', 'financi', 'oper', 'credit']",2011
874866,0.44,0.605771679194,0.0747611897028,0.56,0.140833333333,0.299166666667,10184,"['corn', 'million', 'segment', 'net', 'samsung', 'precis', 'materi', 'sale', 'billion', 'quarter']",2010
874866,0.671723300971,0.666993311644,0.135510793597,0.328276699029,0.297330097087,0.374393203883,21450,"['oper', 'copt', 'ffo', 'coplp', 'properti', 'common', 'dilut', 'net', 'share', 'debt']",2012
100885,0.153567110036,0.0270106182632,0.00895182571527,0.846432889964,0.0616686819831,0.0918984280532,3378,"['railroad', 'rail', 'oper', 'transport', 'includ', 'secur', 'coast', 'materi', 'train', 'pacif']",2014
100885,0.0343949044586,0.1117860699,0.102562753911,0.965605095541,0.0229299363057,0.0114649681529,3323,"['railroad', 'transport', 'commod', 'oper', 'coast', 'pacif', 'rail', 'state', 'includ', 'corpor']",2008
100885,0.30253164557,0.0694800210583,0.0314234872184,0.69746835443,0.273417721519,0.0291139240506,2213,"['commod', 'transport', 'railroad', 'oper', 'coast', 'brotherhood', 'union', 'includ', 'pacif', 'regul']",2009
100885,0.434881087203,0.179836134332,0.107911234443,0.565118912797,0.0849377123443,0.349943374858,3521,"['railroad', 'oper', 'rail', 'includ', 'coast', 'secur', 'pacif', 'commod', 'materi', 'transport']",2011
100885,0.411764705882,0.837240113514,0.498442313614,0.588235294118,0.291938997821,0.119825708061,2583,"['bank', 'institut', 'compani', 'insur', 'hold', 'deposit', 'virginia', 'loan', 'act', 'financi']",2010
100885,0.395530726257,0.840005691996,0.521987837046,0.604469273743,0.121787709497,0.27374301676,3339,"['railroad', 'rail', 'oper', 'includ', 'coast', 'secur', 'pacif', 'busi', 'regul', 'train']",2013
100885,0.730287398674,0.0513617131959,0.0189954325137,0.269712601326,0.309506263817,0.420781134856,6549,"['railroad', 'rail', 'oper', 'transport', 'includ', 'secur', 'coast', 'materi', 'pacif', 'train']",2012
1013238,0.764391691395,0.0149010428454,0.00298135225285,0.235608308605,0.59703264095,0.167359050445,7224,"['drug', 'product', 'inhal', 'develop', 'ciprofloxacin', 'fda', 'deliveri', 'clinic', 'liposom', 'patient']",2015
1013238,0.689716312057,0.033322532164,0.00931688638426,0.310283687943,0.291666666667,0.39804964539,5737,"['drug', 'product', 'inhal', 'deliveri', 'develop', 'lung', 'fda', 'patient', 'clinic', 'ciprofloxacin']",2014
1013238,0.714797136038,0.0197724699644,0.00851464051538,0.285202863962,0.191527446301,0.523269689737,11211,"['drug', 'product', 'deliveri', 'develop', 'inhal', 'fda', 'clinic', 'market', 'formul', 'lung']",2008
1013238,0.190385831752,0.0214146719862,0.00562903898581,0.809614168248,0.0474383301708,0.142947501581,17742,"['drug', 'product', 'deliveri', 'develop', 'inhal', 'clinic', 'patient', 'fda', 'market', 'aerx']",2009
1013238,0.251807228916,0.801210234425,0.436428352355,0.748192771084,0.159036144578,0.0927710843373,16785,"['amak', 'hampton', 'south', 'compani', 'emiss', 'saudi', 'unit', 'oper', 'greenhous', 'product']",2011
1013238,0.156453715776,0.721426679319,0.104008543663,0.843546284224,0.0664928292047,0.0899608865711,16742,"['water', 'wastewat', 'oper', 'util', 'pennsylvania', 'custom', 'acquisit', 'regul', 'state', 'capit']",2010
1013238,0.728571428571,0.77238309788,0.252784651963,0.271428571429,0.486243386243,0.242328042328,5814,"['compani', 'note', 'decemb', 'energi', 'financi', 'solar', 'statement', 'consolid', 'end', 'condens']",2012
1413263,0.67,0.155489558391,0.0286503528814,0.33,0.317777777778,0.352222222222,10458,"['product', 'pharmaceut', 'prc', 'store', 'medic', 'drug', 'medicin', 'drugstor', 'china', 'jiuzhou']",2008
1413263,0.299250170416,0.104637662902,0.0190756769773,0.700749829584,0.13633265167,0.162917518746,11698,"['jiuzhou', 'pharmaci', 'store', 'product', 'medic', 'prc', 'pharmaceut', 'jiuxin', 'medicin', 'clinic']",2009
1413263,0.199118295371,0.724596220573,0.328237528968,0.800881704629,0.13005143277,0.069066862601,10658,"['statement', 'compani', 'forwardlook', 'financi', 'result', 'oper', 'northern', 'report', 'medic', 'devic']",2010
1413263,0.66958698373,0.542950926808,0.211981972182,0.33041301627,0.410513141427,0.259073842303,13364,"['compani', 'tax', 'june', 'estat', 'real', 'end', 'month', 'sale', 'construct', 'loan']",2013
1413263,0.652364273205,0.661018251956,0.08093736818,0.347635726795,0.477232924694,0.175131348511,4019,"['xian', 'tch', 'million', 'energi', 'compani', 'cdq', 'rmb', 'leas', 'year', 'zhonghong']",2012
310158,0.203554119548,0.430877641346,0.0623737656848,0.796445880452,0.129240710824,0.0743134087237,7305,"['compani', 'product', 'merck', 'old', 'market', 'merger', 'vaccin', 'develop', 'program', 'treatment']",2015
310158,0.278512396694,0.0488162015986,0.00741897729339,0.721487603306,0.169421487603,0.109090909091,6886,"['compani', 'product', 'merck', 'market', 'old', 'vaccin', 'program', 'treatment', 'develop', 'merger']",2014
310158,0.658436213992,0.122854463271,0.0221969005015,0.341563786008,0.175411522634,0.483024691358,16958,"['compani', 'product', 'market', 'merck', 'vaccin', 'fda', 'approv', 'treatment', 'patent', 'review']",2008
310158,0.277988101677,0.0452370484969,0.00880075338741,0.722011898323,0.144943212547,0.133044889129,16872,"['compani', 'product', 'market', 'merck', 'mk', 'fda', 'vaccin', 'review', 'develop', 'patent']",2009
310158,0.395324123273,0.806737511874,0.722133988859,0.604675876727,0.235387885228,0.159936238045,10281,"['bank', 'compani', 'deposit', 'capit', 'counti', 'feder', 'mississippi', 'fdic', 'reserv', 'act']",2011
310158,0.212287104623,0.923686653475,0.633561428247,0.787712895377,0.0875912408759,0.124695863747,10626,"['medidata', 'clinic', 'trial', 'custom', 'rave', 'solut', 'data', 'softwar', 'provid', 'cro']",2010
310158,0.747752247752,0.763461452525,0.816407575673,0.252247752248,0.497002997003,0.250749250749,6479,"['scheringplough', 'product', 'market', 'patent', 'develop', 'drug', 'includ', 'pharmaceut', 'prescript', 'countri']",2013
310158,0.756944444444,0.0478621602107,0.022399129663,0.243055555556,0.45625,0.300694444444,4660,"['scheringplough', 'product', 'market', 'develop', 'patent', 'includ', 'drug', 'pharmaceut', 'prescript', 'human']",2012
1096385,0.773315180395,0.835655529222,0.773968985033,0.226684819605,0.508509189925,0.26480599047,5338,"['anim', 'veterinari', 'laboratori', 'veterinarian', 'hospit', 'servic', 'provid', 'pet', 'diagnost', 'test']",2007
1096385,0.7739888977,0.00160428280701,0.000607428772202,0.2260111023,0.34655035686,0.427438540841,4826,"['anim', 'veterinari', 'laboratori', 'veterinarian', 'hospit', 'servic', 'provid', 'pet', 'diagnost', 'test']",2013
1096385,0.0205562273277,0.80381321986,0.294450029015,0.979443772672,0.0169286577993,0.00362756952842,4704,"['scienc', 'solut', 'life', 'veeva', 'custom', 'compani', 'manag', 'cloudbas', 'function', 'applic']",2012
920465,0.74965034965,0.0131507917029,0.00633751709263,0.25034965035,0.427972027972,0.321678321678,9909,"['patient', 'riquent', 'trial', 'mg', 'drug', 'fda', 'renal', 'studi', 'dose', 'lupu']",2014
920465,0.748102139406,0.445787977536,0.0694942220342,0.251897860594,0.312629399586,0.435472739821,8507,"['galectin', 'gc', 'trial', 'fda', 'clinic', 'hr', 'product', 'approv', 'ljpc', 'liver']",2008
920465,0.553719008264,0.510479574179,0.195180310633,0.446280991736,0.376859504132,0.176859504132,3724,"['prefer', 'seri', 'stock', 'c', 'fda', 'approv', 'trial', 'warrant', 'clinic', 'addit']",2009
920465,0.505364806867,0.800005247409,0.296679656713,0.494635193133,0.314377682403,0.190987124464,3485,"['busi', 'healthcar', 'initi', 'llm', 'combin', 'share', 'legisl', 'law', 'acquisit', 'target']",2010
920465,0.633507853403,0.827713510956,0.295932592184,0.366492146597,0.469895287958,0.163612565445,1363,"['riquent', 'stockhold', 'merger', 'biomarin', 'adami', 'develop', 'includ', 'patent', 'agreement', 'compani']",2013
920465,0.755661501788,0.863571812971,0.459528800817,0.244338498212,0.238379022646,0.517282479142,3317,"['fiscal', 'segment', 'quarter', 'percentag', 'month', 'increas', 'lazboy', 'furnitur', 'million', 'retail']",2012
108516,0.470042194093,0.183797949577,0.292602575809,0.529957805907,0.160337552743,0.30970464135,5570,"['steel', 'oper', 'cylind', 'worthington', 'fiscal', 'consolid', 'process', 'product', 'cab', 'includ']",2015
108516,0.452066115702,0.145281148174,0.118777548905,0.547933884298,0.274380165289,0.177685950413,4554,"['steel', 'oper', 'segment', 'cylind', 'worthington', 'process', 'metal', 'product', 'facil', 'fiscal']",2014
108516,0.456937799043,0.0797267582512,0.0902187952814,0.543062200957,0.157097288676,0.299840510367,6350,"['steel', 'oper', 'cylind', 'segment', 'worthington', 'ventur', 'joint', 'process', 'includ', 'fiscal']",2008
108516,0.397628458498,0.0600945504745,0.0633686988181,0.602371541502,0.233201581028,0.16442687747,5534,"['steel', 'oper', 'cylind', 'segment', 'worthington', 'fiscal', 'product', 'market', 'process', 'includ']",2009
108516,0.350506756757,0.0455754600358,0.0350026141014,0.649493243243,0.169763513514,0.180743243243,5588,"['steel', 'oper', 'cylind', 'segment', 'fiscal', 'product', 'worthington', 'market', 'includ', 'process']",2011
108516,0.215962441315,0.130562352135,0.120457028362,0.784037558685,0.13896713615,0.0769953051643,5622,"['steel', 'worthington', 'busi', 'cylind', 'segment', 'process', 'fiscal', 'market', 'unit', 'product']",2010
108516,0.320334261838,0.0617914244365,0.203202183068,0.679665738162,0.171773444754,0.148560817084,4654,"['steel', 'worthington', 'cylind', 'segment', 'process', 'oper', 'metal', 'product', 'fiscal', 'frame']",2013
108516,0.393786733837,0.166358674823,0.188505485873,0.606213266163,0.142737195634,0.251049538203,5831,"['steel', 'oper', 'cylind', 'worthington', 'cab', 'process', 'industri', 'product', 'segment', 'manufactur']",2012
311094,0.682881773399,0.0108836992793,0.00587297267055,0.317118226601,0.227832512315,0.455049261084,8908,"['bank', 'compani', 'institut', 'deposit', 'insur', 'financi', 'feder', 'requir', 'capit', 'frb']",2015
311094,0.665551839465,0.0197264960729,0.0115113623058,0.334448160535,0.364548494983,0.301003344482,10683,"['bank', 'compani', 'institut', 'feder', 'frb', 'financi', 'insur', 'deposit', 'requir', 'capit']",2014
311094,0.56432748538,0.00820494154792,0.00797211628581,0.43567251462,0.397660818713,0.166666666667,4954,"['bank', 'compani', 'institut', 'feder', 'financi', 'deposit', 'frb', 'insur', 'requir', 'capit']",2008
311094,0.146713615023,0.0366214018873,0.0139819908868,0.853286384977,0.113849765258,0.0328638497653,4503,"['bank', 'compani', 'institut', 'deposit', 'financi', 'requir', 'capit', 'feder', 'insur', 'assess']",2009
311094,0.218302094818,0.831304697292,0.34873662467,0.781697905182,0.0507166482911,0.167585446527,5353,"['energi', 'epa', 'coal', 'emiss', 'kansa', 'electr', 'ga', 'plant', 'transmiss', 'gener']",2011
311094,0.204935622318,0.821902400413,0.442097584934,0.795064377682,0.128755364807,0.0761802575107,4962,"['client', 'servic', 'commun', 'fcc', 'provid', 'solut', 'includ', 'carrier', 'market', 'platform']",2010
311094,0.702247191011,0.8069371233,0.342505134739,0.297752808989,0.20911360799,0.493133583021,9197,"['bank', 'west', 'compani', 'capit', 'requir', 'institut', 'feder', 'iowa', 'basel', 'tier']",2013
311094,0.709274673008,0.80179346846,0.35635734456,0.290725326992,0.462544589774,0.246730083234,6820,"['client', 'servic', 'fcc', 'provid', 'commun', 'solut', 'market', 'includ', 'conferenc', 'network']",2012
1360565,0.726059654631,0.0240319417131,0.0260215129979,0.273940345369,0.542386185243,0.183673469388,2658,"['usda', 'livestock', 'program', 'product', 'verif', 'market', 'verifi', 'export', 'beef', 'process']",2014
1360565,0.775925925926,0.0420114084472,0.0395166825885,0.224074074074,0.315740740741,0.460185185185,3577,"['usda', 'program', 'verif', 'livestock', 'product', 'beef', 'food', 'verifi', 'market', 'servic']",2009
1360565,0.133592736706,0.867283195912,0.368521399002,0.866407263294,0.0920881971466,0.041504539559,3685,"['stent', 'mguard', 'coronari', 'trial', 'mesh', 'patient', 'drug', 'clinic', 'studi', 'drugelut']",2011
1360565,0.284980744544,0.915536593592,0.539155818161,0.715019255456,0.183568677792,0.101412066752,3038,"['whiteston', 'properti', 'estat', 'tenant', 'center', 'contamin', 'environment', 'real', 'ada', 'leas']",2010
1360565,0.770665009323,0.835889868062,0.266740761889,0.229334990677,0.16594157862,0.604723430702,11804,"['agent', 'transfer', 'servic', 'money', 'payment', 'western', 'vice', 'union', 'consum', 'busi']",2012
1350102,0.498852333588,0.0667003575775,0.0342376688877,0.501147666412,0.300688599847,0.198163733741,5427,"['product', 'modul', 'pv', 'market', 'manufactur', 'flexibl', 'integr', 'technolog', 'develop', 'cig']",2008
1350102,0.327289211242,0.0779126082859,0.0349229901606,0.672710788758,0.155938349955,0.171350861287,5596,"['modul', 'market', 'pv', 'product', 'manufactur', 'integr', 'flexibl', 'cig', 'technolog', 'develop']",2009
1350102,0.378136200717,0.128658429418,0.0427561095326,0.621863799283,0.212365591398,0.165770609319,5268,"['product', 'pv', 'modul', 'market', 'manufactur', 'mw', 'solar', 'capac', 'technolog', 'flexibl']",2010
1350102,0.756668835394,0.885182748399,0.895648448017,0.243331164606,0.328562134027,0.428106701366,17843,"['stock', 'warrant', 'common', 'share', 'note', 'compani', 'month', 'exercis', 'financi', 'period']",2013
1350102,0.772695772696,0.855252497119,0.870183886015,0.227304227304,0.487872487872,0.284823284823,5081,"['product', 'modul', 'pv', 'solar', 'integr', 'market', 'manufactur', 'flexibl', 'technolog', 'film']",2012
793074,0.079822616408,0.0150054765496,0.00695388278705,0.920177383592,0.0343680709534,0.0454545454545,4850,"['driver', 'truck', 'oper', 'servic', 'carrier', 'transport', 'custom', 'fuel', 'truckload', 'trailer']",2008
793074,0.0772578890098,0.0150054765496,0.00695388278705,0.92274211099,0.025027203482,0.0522306855277,5014,"['driver', 'truck', 'oper', 'servic', 'carrier', 'custom', 'fuel', 'truckload', 'transport', 'compani']",2009
793074,0.0772578890098,0.691417928971,0.512843232789,0.92274211099,0.0522306855277,0.025027203482,4850,"['product', 'custom', 'presid', 'vice', 'supplier', 'electr', 'serv', 'servic', 'sale', 'suppli']",2011
793074,0.0772578890098,0.693498260633,0.521074785321,0.92274211099,0.025027203482,0.0522306855277,5014,"['driver', 'truck', 'oper', 'servic', 'carrier', 'transport', 'custom', 'fuel', 'truckload', 'trailer']",2013
793074,0.702541106129,0.0234700615566,0.0155573877312,0.297458893871,0.372197309417,0.330343796712,4686,"['driver', 'truck', 'oper', 'servic', 'carrier', 'fuel', 'custom', 'transport', 'truckload', 'compani']",2012
1408710,0.750915750916,0.0195133405325,0.0159182008438,0.249084249084,0.356776556777,0.394139194139,4782,"['optic', 'manufactur', 'custom', 'product', 'process', 'technolog', 'glass', 'includ', 'use', 'industri']",2014
1408710,0.078410311493,0.868417419389,0.847728832092,0.921589688507,0.0214822771214,0.0569280343716,5167,"['million', 'lucid', 'june', 'end', 'month', 'note', 'trade', 'compani', 'institut', 'tax']",2011
1408710,0.126968503937,0.866082015313,0.862482315264,0.873031496063,0.0236220472441,0.103346456693,6141,"['optic', 'manufactur', 'custom', 'product', 'process', 'glass', 'technolog', 'includ', 'use', 'industri']",2010
1408710,0.710059171598,0.836777800204,0.978350342233,0.289940828402,0.297041420118,0.413017751479,25464,"['million', 'quarter', 'oil', 'poland', 'half', 'explor', 'second', 'expens', 'cost', 'period']",2013
37634,0.682278481013,0.6517018811,0.508152453126,0.317721518987,0.365189873418,0.317088607595,6370,"['card', 'fleet', 'network', 'custom', 'market', 'servic', 'provid', 'product', 'compani', 'mr']",2013
37634,0.758015267176,0.56879680736,0.293087578579,0.241984732824,0.523664122137,0.234351145038,2536,"['product', 'servic', 'custom', 'manufactur', 'busi', 'industri', 'pump', 'aftermarket', 'gener', 'oper']",2012
1281774,0.226539589443,0.0202219695618,0.0138355759779,0.773460410557,0.162023460411,0.0645161290323,11379,"['club', 'member', 'membership', 'oper', 'fit', 'region', 'revenu', 'market', 'sport', 'new']",2008
1281774,0.255012028869,0.0215939111982,0.0201683341516,0.744987971131,0.171611868484,0.0834001603849,9824,"['club', 'member', 'membership', 'oper', 'revenu', 'fit', 'provid', 'market', 'new', 'program']",2009
1281774,0.368458781362,0.0325510205572,0.0244370374822,0.631541218638,0.108960573477,0.259498207885,12816,"['club', 'membership', 'member', 'oper', 'market', 'revenu', 'million', 'fit', 'new', 'provid']",2011
1281774,0.404152249135,0.0732856865108,0.0526631553487,0.595847750865,0.264359861592,0.139792387543,10785,"['club', 'member', 'membership', 'fit', 'oper', 'new', 'region', 'offer', 'includ', 'program']",2010
1281774,0.450928381963,0.845827238139,0.457712415669,0.549071618037,0.155835543767,0.295092838196,10130,"['casino', 'game', 'hotel', 'czech', 'oper', 'slot', 'licens', 'kcb', 'ceska', 'rout']",2013
1281774,0.719881305638,0.843149980937,0.426596196862,0.280118694362,0.475370919881,0.244510385757,4946,"['club', 'member', 'membership', 'fit', 'train', 'oper', 'includ', 'program', 'offer', 'revenu']",2012
842183,0.789198606272,0.232674532573,0.0584997736667,0.210801393728,0.489547038328,0.299651567944,1025,"['center', 'shop', 'joint', 'ventur', 'squar', 'properti', 'space', 'develop', 'michigan', 'includ']",2014
842183,0.807086614173,0.159140503593,0.0312304582554,0.192913385827,0.191601049869,0.615485564304,4692,"['center', 'ventur', 'joint', 'million', 'shop', 'project', 'properti', 'develop', 'squar', 'redevelop']",2008
842183,0.428378378378,0.376703582419,0.11525615487,0.571621621622,0.260810810811,0.167567567568,3368,"['center', 'shop', 'develop', 'properti', 'oper', 'report', 'invest', 'partnership', 'land', 'leas']",2009
842183,0.651685393258,0.191233232299,0.0660567412511,0.348314606742,0.419943820225,0.231741573034,1685,"['center', 'shop', 'invest', 'oper', 'develop', 'properti', 'manag', 'capit', 'trust', 'debt']",2011
842183,0.652815013405,0.761455028303,0.375137451889,0.347184986595,0.206434316354,0.446380697051,4344,"['partnership', 'properti', 'landfil', 'iv', 'dissolut', 'limit', 'citi', 'partner', 'rrf', 'rancon']",2010
842183,0.620879120879,0.750192643514,0.369897830323,0.379120879121,0.434065934066,0.186813186813,1676,"['center', 'shop', 'oper', 'invest', 'properti', 'develop', 'manag', 'trust', 'capit', 'debt']",2012
884650,0.719157472417,0.12111652109,0.0274519376765,0.280842527583,0.590772316951,0.128385155466,1800,"['govern', 'servic', 'project', 'manag', 'technolog', 'contract', 'provid', 'fiscal', 'virtual', 'billion']",2014
884650,0.790217391304,0.136359747852,0.030630122047,0.209782608696,0.233695652174,0.55652173913,3399,"['servic', 'manag', 'project', 'virtual', 'client', 'server', 'technolog', 'program', 'govern', 'busi']",2009
884650,0.0969455511288,0.159858893909,0.0539304572531,0.903054448871,0.0332005312085,0.0637450199203,3848,"['servic', 'govern', 'client', 'agenc', 'virtual', 'contract', 'solut', 'support', 'provid', 'technolog']",2011
884650,0.265212399541,0.78727779146,0.558283257562,0.734787600459,0.101033295063,0.164179104478,4607,"['statement', 'condens', 'cash', 'financi', 'net', 'tax', 'asset', 'incom', 'revenu', 'consolid']",2010
884650,0.704526748971,0.701667127011,0.280269432338,0.295473251029,0.348971193416,0.355555555556,7375,"['properti', 'advisor', 'invest', 'real', 'estat', 'asset', 'distribut', 'environment', 'oper', 'affili']",2013
884650,0.739602169982,0.731278037453,0.192243031013,0.260397830018,0.4547920434,0.284810126582,2686,"['bank', 'loan', 'capit', 'regul', 'michigan', 'reserv', 'feder', 'institut', 'deposit', 'dividend']",2012
868082,0.707738542449,0.00276554995405,0.00140159787228,0.292261457551,0.214124718257,0.493613824192,8069,"['compani', 'ga', 'oil', 'natur', 'price', 'properti', 'product', 'oper', 'regul', 'produc']",2015
868082,0.651883353584,0.00609281124167,0.00393947508437,0.348116646416,0.287363304982,0.364520048603,14232,"['compani', 'ga', 'oil', 'properti', 'price', 'natur', 'oper', 'product', 'regul', 'gener']",2014
868082,0.691708008505,0.00288654162377,0.00161210675552,0.308291991495,0.523033309709,0.168674698795,4311,"['compani', 'ga', 'oil', 'price', 'properti', 'natur', 'oper', 'product', 'regul', 'gener']",2008
868082,0.0627737226277,0.00501688269967,0.00381235190971,0.937226277372,0.0452554744526,0.0175182481752,4497,"['compani', 'ga', 'oil', 'natur', 'price', 'properti', 'product', 'oper', 'regul', 'produc']",2009
868082,0.0894886363636,0.745411432379,0.478800598085,0.910511363636,0.0184659090909,0.0710227272727,4858,"['energi', 'heat', 'dg', 'electr', 'chp', 'compani', 'engin', 'onsit', 'cogener', 'instal']",2011
868082,0.0684736091298,0.745582297384,0.448937655213,0.93152639087,0.0542082738944,0.0142653352354,4366,"['compani', 'ga', 'oil', 'natur', 'price', 'properti', 'oper', 'product', 'regul', 'produc']",2010
868082,0.104166666667,0.726559220919,0.237777751958,0.895833333333,0.025,0.0791666666667,4806,"['reinsur', 'compani', 'everest', 'bermuda', 'insur', 'busi', 'cede', 'casualti', 'written', 'underwrit']",2013
868082,0.72572815534,0.813272906611,0.238185529893,0.27427184466,0.293689320388,0.432038834951,6654,"['process', 'transact', 'card', 'merchant', 'institut', 'servic', 'popular', 'evertec', 'network', 'busi']",2012
861878,0.346774193548,0.00718443229078,0.00591442819678,0.653225806452,0.0997983870968,0.246975806452,5304,"['wast', 'regul', 'custom', 'servic', 'state', 'process', 'oper', 'requir', 'busi', 'program']",2015
861878,0.773711725168,0.00766822245841,0.00654369786881,0.226288274832,0.440627333831,0.333084391337,10853,"['wast', 'regul', 'custom', 'servic', 'state', 'process', 'oper', 'requir', 'treatment', 'smallquant']",2014
861878,0.778050778051,0.00319841170163,0.00439751608017,0.221949221949,0.391482391482,0.386568386568,3993,"['wast', 'regul', 'custom', 'servic', 'oper', 'state', 'process', 'requir', 'busi', 'treatment']",2008
861878,0.079634464752,0.0836114744657,0.0480422296873,0.920365535248,0.0496083550914,0.0300261096606,3976,"['wast', 'regul', 'servic', 'custom', 'presid', 'manag', 'oper', 'vice', 'busi', 'requir']",2009
861878,0.0384105960265,0.906276886288,0.77144719744,0.961589403974,0.00264900662252,0.035761589404,4056,"['share', 'warrant', 'compani', 'hongyu', 'statement', 'purchas', 'properti', 'financi', 'expect', 'februari']",2010
861878,0.305526590198,0.906054107122,0.770208187952,0.694473409802,0.0907194994786,0.214807090719,5130,"['wast', 'regul', 'servic', 'custom', 'presid', 'vice', 'oper', 'manag', 'busi', 'requir']",2013
5981,0.673306772908,0.734702840266,0.46364585332,0.326693227092,0.446215139442,0.227091633466,6032,"['insur', 'loss', 'premium', 'state', 'claim', 'worker', 'reinsur', 'reserv', 'year', 'estim']",2013
819220,0.80636777128,0.0518935876355,0.0236989297674,0.19363222872,0.236517218973,0.569850552307,17663,"['label', 'product', 'market', 'compani', 'custom', 'manufactur', 'materi', 'contain', 'south', 'oper']",2014
819220,0.806108897742,0.177101322614,0.0776573645991,0.193891102258,0.586321381142,0.2197875166,2633,"['label', 'product', 'custom', 'servic', 'market', 'segment', 'packag', 'print', 'provid', 'compani']",2008
819220,0.27027027027,0.106294838891,0.0423060206258,0.72972972973,0.112162162162,0.158108108108,3079,"['label', 'product', 'custom', 'market', 'print', 'compani', 'manufactur', 'contain', 'south', 'australia']",2011
819220,0.255076142132,0.121666564403,0.0478539124178,0.744923857868,0.0888324873096,0.166243654822,3443,"['label', 'market', 'product', 'compani', 'custom', 'includ', 'oper', 'contain', 'materi', 'technolog']",2010
819220,0.292134831461,0.120091432878,0.0447195642147,0.707865168539,0.188514357054,0.103620474407,3089,"['label', 'product', 'custom', 'market', 'print', 'compani', 'manufactur', 'contain', 'south', 'australia']",2013
819220,0.32951653944,0.882039956245,1.05448448788,0.67048346056,0.156488549618,0.173027989822,2834,"['million', 'game', 'merger', 'eldorado', 'month', 'end', 'tax', 'compani', 'decreas', 'note']",2012
4515,0.753558052434,0.77358024232,0.204238666262,0.246441947566,0.388014981273,0.365543071161,8940,"['bond', 'partnership', 'properti', 'mortgag', 'revenu', 'apart', 'multifamili', 'million', 'approxim', 'hous']",2014
4515,0.699170124481,0.913952800282,0.814937417778,0.300829875519,0.122925311203,0.576244813278,51335,"['presid', 'sinc', 'vice', 'aam', 'manufactur', 'product', 'manag', 'drivelin', 'engin', 'join']",2012
1393612,0.707409753008,0.034340279598,0.0080400304831,0.292590246992,0.221659278024,0.485750474984,9961,"['card', 'cardmemb', 'bank', 'discov', 'credit', 'network', 'account', 'merchant', 'busi', 'includ']",2008
1393612,0.355610055181,0.21888353941,0.0337640361353,0.644389944819,0.109135499693,0.246474555487,16447,"['risk', 'loan', 'custom', 'card', 'bank', 'manag', 'credit', 'includ', 'discov', 'financi']",2011
1393612,0.404690318701,0.706109444528,0.251039033301,0.595309681299,0.278412507517,0.126277811185,9514,"['fiscal', 'cinema', 'digit', 'revenu', 'technolog', 'includ', 'estim', 'product', 'market', 'quarter']",2010
1393612,0.392288861689,0.701656010625,0.250242114295,0.607711138311,0.126682986536,0.265605875153,16071,"['risk', 'loan', 'card', 'custom', 'bank', 'manag', 'credit', 'discov', 'includ', 'account']",2013
1393612,0.655625657203,0.856797286664,0.527269068236,0.344374342797,0.405888538381,0.249737118822,12920,"['oil', 'ga', 'drill', 'leas', 'field', 'estim', 'prove', 'reserv', 'natur', 'product']",2012
914139,0.472144846797,0.120906701083,0.088138737298,0.527855153203,0.225626740947,0.24651810585,2669,"['technolog', 'custom', 'underwrit', 'ic', 'offer', 'handset', 'mobil', 'agreement', 'rf', 'product']",2008
914139,0.181964573269,0.161586340059,0.132076915696,0.818035426731,0.0772946859903,0.104669887279,2760,"['technolog', 'product', 'custom', 'mobil', 'develop', 'handset', 'ic', 'applic', 'rf', 'design']",2009
914139,0.463748290014,0.133535087774,0.193700829686,0.536251709986,0.247606019152,0.216142270862,2861,"['technolog', 'product', 'develop', 'rf', 'custom', 'incorpor', 'patent', 'mobil', 'applic', 'provid']",2011
914139,0.363221884498,0.0989699095721,0.0828464038676,0.636778115502,0.199088145897,0.164133738602,2669,"['technolog', 'product', 'rf', 'develop', 'custom', 'lp', 'patent', 'licens', 'includ', 'design']",2010
914139,0.388554216867,0.122911835001,0.157907540316,0.611445783133,0.182228915663,0.206325301205,2687,"['technolog', 'product', 'rf', 'develop', 'patent', 'licens', 'provid', 'includ', 'custom', 'intellectu']",2013
1097149,0.726162517614,0.0658372753591,0.0199140407669,0.273837482386,0.303428839831,0.422733677783,11442,"['invisalign', 'treatment', 'patient', 'dental', 'profession', 'align', 'market', 'use', 'product', 'manufactur']",2015
1097149,0.76972972973,0.0210757907925,0.00604285352454,0.23027027027,0.571351351351,0.198378378378,5999,"['invisalign', 'treatment', 'dental', 'patient', 'profession', 'align', 'market', 'product', 'manufactur', 'use']",2014
1097149,0.770773638968,0.0210757907925,0.00604285352454,0.229226361032,0.225214899713,0.545558739255,10595,"['invisalign', 'treatment', 'patient', 'dental', 'profession', 'align', 'market', 'use', 'product', 'manufactur']",2008
1097149,0.0,0.765448923074,0.204021796711,1.0,0.0,0.0,10595,"['iluvien', 'dme', 'fda', 'fame', 'product', 'eye', 'diabet', 'patient', 'corticosteroid', 'studi']",2011
1097149,0.16364902507,0.884336406914,0.686144202681,0.83635097493,0.105153203343,0.058495821727,10480,"['compani', 'citru', 'alico', 'fiscal', 'stock', 'fruit', 'year', 'nip', 'silver', 'decemb']",2010
1097149,0.681632653061,0.822364300797,0.464778586892,0.318367346939,0.337244897959,0.344387755102,12034,"['alcoa', 'smelter', 'bauxit', 'aluminum', 'alumina', 'reserv', 'compani', 'refineri', 'mtpi', 'power']",2013
1030206,0.817294281729,0.0290214762509,0.00946618639674,0.182705718271,0.661785216179,0.155509065551,2887,"['devic', 'product', 'cathet', 'hemostat', 'use', 'fda', 'king', 'sale', 'medic', 'market']",2015
1030206,0.800601956358,0.0248845372786,0.00321656846753,0.199398043642,0.165537998495,0.635063957863,9827,"['devic', 'product', 'hemostat', 'king', 'use', 'fda', 'cathet', 'market', 'medic', 'seal']",2014
1030206,0.713958810069,0.804882768441,0.510828398778,0.286041189931,0.348398169336,0.365560640732,8422,"['million', 'compani', 'decemb', 'incom', 'month', 'oper', 'year', 'net', 'cash', 'health']",2009
1030206,0.101595298069,0.107417775544,0.0120265633852,0.898404701931,0.0579345088161,0.0436607892527,8418,"['compani', 'health', 'incom', 'oper', 'care', 'cash', 'condens', 'net', 'loss', 'note']",2010
1030206,0.705128205128,0.684038821845,0.114238935147,0.294871794872,0.304487179487,0.400641025641,18039,"['bank', 'capit', 'compani', 'loan', 'feder', 'deposit', 'requir', 'fdic', 'ratio', 'institut']",2013
1030206,0.270418668497,0.846944904991,0.621701823051,0.729581331503,0.164035689774,0.106382978723,19008,"['ga', 'electr', 'indiana', 'compani', 'coal', 'vectren', 'custom', 'miso', 'util', 'ohio']",2012
732712,0.457192778101,0.131799859834,0.124308791863,0.542807221899,0.224228305183,0.232964472918,11296,"['servic', 'wireless', 'verizon', 'custom', 'provid', 'fcc', 'network', 'includ', 'million', 'busi']",2015
732712,0.521017699115,0.1299529461,0.183769039517,0.478982300885,0.257743362832,0.263274336283,11000,"['servic', 'custom', 'wireless', 'network', 'provid', 'verizon', 'offer', 'busi', 'includ', 'market']",2008
732712,0.467271548931,0.0629881017284,0.0425981515466,0.532728451069,0.337005832793,0.130265716137,6459,"['servic', 'custom', 'network', 'wireless', 'provid', 'offer', 'includ', 'data', 'access', 'busi']",2009
732712,0.281274900398,0.0713180231698,0.024825183947,0.718725099602,0.0964143426295,0.184860557769,8021,"['servic', 'custom', 'wireless', 'network', 'provid', 'includ', 'alltel', 'verizon', 'offer', 'busi']",2011
732712,0.392143808256,0.081176208516,0.0243636282409,0.607856191744,0.147137150466,0.24500665779,10079,"['servic', 'network', 'wireless', 'custom', 'provid', 'data', 'verizon', 'includ', 'offer', 'g']",2010
732712,0.74191461837,0.777133132046,0.356879428296,0.25808538163,0.570504527814,0.171410090556,5372,"['onpoint', 'mayo', 'mri', 'qualiti', 'imag', 'softwar', 'assur', 'medic', 'agreement', 'vh']",2013
732712,0.735554044867,0.782739821093,0.336395029021,0.264445955133,0.186947654657,0.548606390211,8771,"['servic', 'custom', 'wireless', 'network', 'provid', 'includ', 'offer', 'verizon', 'access', 'data']",2012
719220,0.702493551161,0.00400539291517,0.00236529926264,0.297506448839,0.286328460877,0.416165090284,7686,"['bank', 'st', 'institut', 'capit', 'feder', 'insur', 'compani', 'hold', 'financi', 'deposit']",2015
719220,0.682094081942,0.0490291507218,0.0346575845855,0.317905918058,0.311836115326,0.370257966616,6488,"['st', 'bank', 'capit', 'institut', 'feder', 'percent', 'compani', 'insur', 'act', 'requir']",2014
719220,0.350264550265,0.0499780033253,0.0162803365193,0.649735449735,0.310052910053,0.0402116402116,3830,"['bank', 'st', 'capit', 'feder', 'institut', 'compani', 'insur', 'act', 'doddfrank', 'hold']",2008
719220,0.297968397291,0.0840217603173,0.0340306854623,0.702031602709,0.0338600451467,0.264108352144,6234,"['bank', 'st', 'institut', 'capit', 'feder', 'financi', 'insur', 'compani', 'percent', 'hold']",2009
719220,0.214285714286,0.833076825207,0.611111749176,0.785714285714,0.126865671642,0.0874200426439,5688,"['partner', 'compani', 'safeguard', 'deploy', 'test', 'platform', 'mezzanin', 'patient', 'provid', 'capit']",2011
719220,0.300902708124,0.837642240594,0.635726574432,0.699097291876,0.122367101304,0.17853560682,6103,"['st', 'bank', 'institut', 'capit', 'feder', 'insur', 'compani', 'hold', 'stock', 'financi']",2010
719220,0.317948717949,0.113183149309,0.0395664131151,0.682051282051,0.215384615385,0.102564102564,5316,"['bank', 'st', 'capit', 'institut', 'feder', 'percent', 'compani', 'insur', 'act', 'doddfrank']",2013
719220,0.741818181818,0.810565257449,0.306764130239,0.258181818182,0.298181818182,0.443636363636,4616,"['rut', 'month', 'compani', 'award', 'trial', 'clinic', 'research', 'decemb', 'end', 'expens']",2012
886982,0.726887791108,0.199184910913,0.0289948904791,0.273112208892,0.467889908257,0.258997882851,5154,"['bank', 'regul', 'institut', 'client', 'financi', 'requir', 'includ', 'capit', 'invest', 'compani']",2014
886982,0.725925925926,0.213427186483,0.0247701841754,0.274074074074,0.23367003367,0.492255892256,15101,"['invest', 'secur', 'client', 'busi', 'includ', 'bank', 'regul', 'trade', 'fund', 'market']",2008
886982,0.401022644266,0.136145033217,0.0203808063833,0.598977355734,0.232286340394,0.168736303871,9345,"['bank', 'invest', 'capit', 'regul', 'includ', 'institut', 'financi', 'client', 'secur', 'compani']",2009
886982,0.2828438949,0.0729891576665,0.0164632484024,0.7171561051,0.0950540958269,0.187789799073,17458,"['bank', 'regul', 'requir', 'capit', 'client', 'financi', 'includ', 'institut', 'invest', 'secur']",2010
886982,0.690721649485,0.779378415496,0.326360234944,0.309278350515,0.495532646048,0.195189003436,6792,"['restaur', 'month', 'sale', 'decemb', 'increas', 'compani', 'proce', 'end', 'fiscal', 'oper']",2013
886982,0.718383311604,0.89784879399,0.520094237207,0.281616688396,0.196870925684,0.521512385919,11945,"['tire', 'goodyear', 'manufactur', 'presid', 'truck', 'brand', 'mr', 'sri', 'vice', 'dunlop']",2012
92679,0.611617312073,0.313910373677,0.0915027379051,0.388382687927,0.135535307517,0.476082004556,4251,"['compani', 'product', 'custom', 'sparton', 'busi', 'market', 'develop', 'manufactur', 'medic', 'contract']",2015
92679,0.97789336801,0.0309490008498,0.0119456961864,0.0221066319896,0.96488946684,0.0130039011704,83,"['product', 'compani', 'custom', 'develop', 'busi', 'sparton', 'market', 'sinc', 'medic', 'contract']",2014
92679,0.978110599078,0.0174075776145,0.00342137716309,0.0218894009217,0.00921658986175,0.968894009217,4729,"['compani', 'custom', 'product', 'sparton', 'busi', 'medic', 'develop', 'market', 'contract', 'sinc']",2008
92679,0.17679558011,0.0745788110594,0.0171167242335,0.82320441989,0.127071823204,0.0497237569061,4199,"['product', 'compani', 'custom', 'market', 'medic', 'sinc', 'servic', 'develop', 'manufactur', 'sparton']",2009
92679,0.31124260355,0.922655408414,1.76029020267,0.68875739645,0.246153846154,0.0650887573964,2832,"['condens', 'consolid', 'juli', 'statement', 'end', 'month', 'sheet', 'flow', 'disclosur', 'quantit']",2011
92679,0.274698795181,0.943275362877,1.78361232076,0.725301204819,0.0421686746988,0.232530120482,4228,"['compani', 'product', 'custom', 'sparton', 'sinc', 'manufactur', 'contract', 'market', 'busi', 'presid']",2010
56868,0.695777906304,0.0195302346644,0.00293909380865,0.304222093696,0.193175245807,0.502602660497,15094,"['ga', 'oil', 'compani', 'oper', 'natur', 'regul', 'wast', 'state', 'drill', 'act']",2015
56868,0.634456101601,0.0196947087792,0.00261710084238,0.365543898399,0.404748757592,0.229707344009,11029,"['ga', 'oil', 'natur', 'compani', 'oper', 'regul', 'wast', 'state', 'act', 'produc']",2014
56868,0.722547108512,0.00907050403386,0.000310487489695,0.277452891488,0.423001949318,0.299545159194,6165,"['ga', 'oil', 'compani', 'natur', 'oper', 'regul', 'wast', 'state', 'act', 'produc']",2008
56868,0.047191011236,0.00897686640458,0.000718338522195,0.952808988764,0.0449438202247,0.00224719101124,5882,"['ga', 'oil', 'natur', 'oper', 'compani', 'regul', 'wast', 'state', 'act', 'produc']",2009
56868,0.00934579439252,0.693348689377,0.410918691743,0.990654205607,0.00233644859813,0.00700934579439,5914,"['oil', 'palm', 'castor', 'share', 'crop', 'director', 'veget', 'plant', 'agreement', 'compani']",2011
56868,0.0139697322468,0.852770659177,0.43332852555,0.986030267753,0.0081490104773,0.0058207217695,5893,"['servic', 'voip', 'fcc', 'telecommun', 'provid', 'crtc', 'oper', 'traffic', 'canada', 'network']",2010
56868,0.699446834665,0.751787832526,0.192289983442,0.300553165335,0.223110018439,0.476336816226,11718,"['life', 'insur', 'fund', 'retir', 'annuiti', 'mutual', 'product', 'group', 'asset', 'manag']",2013
56868,0.73285198556,0.64403476439,0.101461689868,0.26714801444,0.493381468111,0.239470517449,4632,"['bank', 'loan', 'ratio', 'deposit', 'client', 'capit', 'credit', 'lend', 'commerci', 'compani']",2012
102037,0.049766718507,0.011420779371,0.0587122312328,0.950233281493,0.049766718507,0.0,3261,"['tobacco', 'custom', 'oper', 'product', 'busi', 'year', 'report', 'process', 'leaf', 'farmer']",2015
102037,0.110447761194,0.0515813738785,0.404047937869,0.889552238806,0.0223880597015,0.0880597014925,3627,"['tobacco', 'oper', 'custom', 'product', 'process', 'report', 'market', 'segment', 'busi', 'leaf']",2014
102037,0.0,0.00868043143745,0.14050688189,1.0,0.0,0.0,3627,"['tobacco', 'oper', 'custom', 'product', 'process', 'report', 'year', 'market', 'leaf', 'busi']",2008
102037,0.265449438202,0.0182566425434,0.118893249751,0.734550561798,0.185393258427,0.0800561797753,2948,"['tobacco', 'oper', 'custom', 'product', 'report', 'leaf', 'process', 'busi', 'year', 'servic']",2009
102037,0.159442724458,0.00820606953681,0.0648338830296,0.840557275542,0.0572755417957,0.102167182663,3229,"['tobacco', 'custom', 'oper', 'product', 'report', 'leaf', 'process', 'busi', 'year', 'servic']",2011
102037,0.085308056872,0.00688272656038,0.08685682612,0.914691943128,0.0473933649289,0.0379146919431,3207,"['tobacco', 'custom', 'oper', 'product', 'process', 'busi', 'report', 'leaf', 'year', 'servic']",2010
102037,0.164948453608,0.011420779371,0.0587122312328,0.835051546392,0.0530191458027,0.111929307806,3464,"['tobacco', 'custom', 'oper', 'product', 'busi', 'year', 'report', 'process', 'leaf', 'farmer']",2013
102037,0.049766718507,0.0195196924404,0.166611908773,0.950233281493,0.049766718507,0.0,3261,"['tobacco', 'custom', 'oper', 'product', 'report', 'leaf', 'process', 'busi', 'year', 'servic']",2012
911109,0.986625514403,0.131339843644,0.04243166053,0.0133744855967,0.977366255144,0.00925925925926,78,"['custom', 'storag', 'portabl', 'unit', 'contain', 'et', 'product', 'specialti', 'servic', 'market']",2014
911109,0.987315010571,0.15890424409,0.0429766783734,0.0126849894292,0.0105708245243,0.976744186047,10485,"['unit', 'storag', 'custom', 'leas', 'branch', 'fleet', 'portabl', 'product', 'contain', 'steel']",2011
911109,0.429810725552,0.926874539674,1.20814770903,0.570189274448,0.167981072555,0.261829652997,7405,"['form', 'consolid', 'statement', 'item', 'financi', 'qa', 'analysi', 'oper', 'june', 'q']",2010
911109,0.739563862928,0.876898298474,0.760093979426,0.260436137072,0.396884735202,0.342679127726,21246,"['compani', 'share', 'common', 'stock', 'note', 'januari', 'warrant', 'issu', 'valu', 'corpor']",2013
911109,0.960945529291,0.964848579658,1.14792392281,0.0390544707091,0.955806783145,0.00513874614594,122,"['legal', 'proceed', 'advers', 'parti', 'properti', 'awar', 'threaten', 'manag', 'affili', 'contempl']",2012
1065280,0.73670212766,0.0729333911499,0.0126949223218,0.26329787234,0.322695035461,0.414007092199,5660,"['subscrib', 'dvd', 'titl', 'content', 'servic', 'provid', 'site', 'web', 'subscript', 'stream']",2015
1065280,0.788440567067,0.0779024385937,0.0179807780216,0.211559432933,0.62159214831,0.166848418757,1079,"['subscrib', 'titl', 'dvd', 'servic', 'recommend', 'select', 'web', 'site', 'provid', 'subscript']",2014
1065280,0.690476190476,0.0319045040072,0.00737048250807,0.309523809524,0.149470899471,0.541005291005,3597,"['subscrib', 'titl', 'dvd', 'servic', 'featur', 'recommend', 'movi', 'select', 'onlin', 'provid']",2008
1065280,0.247741935484,0.433730377158,0.228728711206,0.752258064516,0.0774193548387,0.170322580645,4077,"['subscrib', 'stream', 'dvd', 'tv', 'servic', 'growth', 'provid', 'content', 'addit', 'turn']",2009
1065280,0.668322981366,0.859027165503,0.755182919509,0.331677018634,0.55652173913,0.111801242236,1041,"['fiscal', 'tax', 'zar', 'million', 'south', 'sassa', 'african', 'contract', 'decemb', 'compani']",2011
1065280,0.684273709484,0.83166005962,0.549524663883,0.315726290516,0.112845138055,0.571428571429,4380,"['stream', 'domest', 'member', 'content', 'dvd', 'servic', 'tv', 'internetconnect', 'segment', 'intern']",2010
1065280,0.754830113258,0.812109296113,0.309618477547,0.245169886742,0.247168554297,0.507661558961,15846,"['patent', 'portfolio', 'remot', 'mirror', 'power', 'cox', 'world', 'cisco', 'network', 'intellectu']",2013
883975,0.650763358779,0.0348812839981,0.0392775127955,0.349236641221,0.201526717557,0.449236641221,24087,"['cell', 'stem', 'product', 'patent', 'neural', 'human', 'liver', 'use', 'develop', 'transplant']",2014
883975,0.655050900548,0.0562745505647,0.0548309727682,0.344949099452,0.474158183242,0.180892717306,15140,"['cell', 'stem', 'product', 'develop', 'research', 'human', 'use', 'diseas', 'neural', 'patent']",2008
883975,0.398671096346,0.540980119514,0.18679631928,0.601328903654,0.142303433001,0.256367663344,12926,"['sl', 'product', 'patent', 'includ', 'patient', 'drug', 'csc', 'approv', 'clinic', 'trial']",2011
883975,0.311097992916,0.500843065345,0.190143106886,0.688902007084,0.225501770956,0.0855962219599,13104,"['cell', 'stem', 'product', 'hucnssc', 'develop', 'clinic', 'trial', 'licens', 'diseas', 'research']",2007
858877,0.709934735315,0.0680124401191,0.0202252552542,0.290065264685,0.424945612763,0.284989122553,8245,"['network', 'product', 'servic', 'cisco', 'technolog', 'market', 'provid', 'includ', 'custom', 'vice']",2015
858877,0.575783234547,0.0136607698014,0.00512065161631,0.424216765453,0.247248094835,0.328535139712,10799,"['network', 'product', 'servic', 'cisco', 'technolog', 'market', 'provid', 'custom', 'includ', 'vice']",2014
858877,0.747400611621,0.0508295443606,0.0130302742666,0.252599388379,0.291131498471,0.45626911315,8118,"['network', 'product', 'servic', 'technolog', 'vice', 'presid', 'includ', 'custom', 'cisco', 'provid']",2008
858877,0.126666666667,0.0551207966873,0.0195048988608,0.873333333333,0.0925,0.0341666666667,7611,"['product', 'network', 'servic', 'cisco', 'technolog', 'market', 'custom', 'includ', 'provid', 'vice']",2009
858877,0.212022745735,0.785737696314,0.796481380788,0.787977254265,0.0966693744923,0.115353371243,7653,"['incom', 'tax', 'million', 'quarter', 'year', 'asset', 'fiscal', 'loss', 'estim', 'compani']",2011
858877,0.30281124498,0.790198712482,0.820258458794,0.69718875502,0.195983935743,0.106827309237,6385,"['network', 'product', 'servic', 'cisco', 'technolog', 'custom', 'solut', 'provid', 'vice', 'presid']",2010
858877,0.388847583643,0.847245844137,0.843373214945,0.611152416357,0.133085501859,0.255762081784,9039,"['share', 'convers', 'month', 'common', 'januari', 'ga', 'note', 'oil', 'issu', 'convert']",2013
858877,0.755395683453,0.438554797292,0.091537011502,0.244604316547,0.517985611511,0.237410071942,6085,"['compani', 'month', 'june', 'cinjet', 'financi', 'end', 'asu', 'tax', 'tek', 'soli']",2012
1348362,0.985215053763,0.634764829745,0.269171138748,0.0147849462366,0.00268817204301,0.98252688172,4624,"['compani', 'novemb', 'end', 'month', 'raw', 'product', 'sale', 'cost', 'financi', 'materi']",2014
1348362,0.802540415704,0.83433103789,0.241643023063,0.197459584296,0.65935334873,0.143187066975,1434,"['properti', 'million', 'leas', 'invest', 'tenant', 'rate', 'asset', 'debt', 'share', 'corpor']",2013
1348362,0.791946308725,0.923564894898,1.97129053448,0.208053691275,0.187919463087,0.604026845638,4869,"['item', 'quantit', 'qualit', 'analysi', 'disclosur', 'discuss', 'result', 'oper', 'financi', 'market']",2012
80661,0.256048387097,0.0102859977569,0.0243679153329,0.743951612903,0.188508064516,0.0675403225806,5169,"['insur', 'busi', 'loss', 'state', 'auto', 'develop', 'reserv', 'year', 'person', 'servic']",2015
80661,0.0943847072879,0.0055102093728,0.024756185224,0.905615292712,0.0561529271207,0.0382317801673,4798,"['insur', 'busi', 'loss', 'state', 'auto', 'year', 'reserv', 'develop', 'includ', 'person']",2014
80661,0.267765190525,0.00960555710548,0.0444371666366,0.732234809475,0.081359423275,0.18640576725,6469,"['insur', 'loss', 'busi', 'state', 'auto', 'develop', 'regul', 'year', 'reserv', 'person']",2008
80661,0.0595369349504,0.0167633503959,0.0927020894236,0.94046306505,0.0429988974642,0.0165380374862,6186,"['insur', 'loss', 'busi', 'state', 'auto', 'year', 'market', 'develop', 'reserv', 'premium']",2009
80661,0.188311688312,0.0104786661089,0.0565579209454,0.811688311688,0.127705627706,0.0606060606061,5395,"['insur', 'loss', 'busi', 'state', 'auto', 'develop', 'reserv', 'regul', 'market', 'year']",2011
80661,0.122285714286,0.0457323281557,0.194501705026,0.877714285714,0.0434285714286,0.0788571428571,5859,"['insur', 'busi', 'loss', 'state', 'develop', 'reserv', 'auto', 'year', 'line', 'servic']",2010
80661,0.241276171486,0.0646578293513,0.291774906686,0.758723828514,0.0757726819541,0.165503489531,7219,"['insur', 'busi', 'loss', 'state', 'premium', 'regul', 'develop', 'market', 'servic', 'written']",2013
80661,0.278269419862,0.0156841890776,0.0792950502882,0.721730580138,0.189773844641,0.0884955752212,5697,"['insur', 'loss', 'busi', 'state', 'auto', 'develop', 'market', 'reserv', 'premium', 'regul']",2012
37996,0.941031941032,0.0359469450981,0.00983251822402,0.0589680589681,0.920761670762,0.0202702702703,466,"['vehicl', 'standard', 'requir', 'emiss', 'regul', 'sale', 'market', 'manufactur', 'ford', 'includ']",2015
37996,0.943524096386,0.0251228659665,0.00574057467985,0.0564759036145,0.0406626506024,0.902861445783,12584,"['vehicl', 'standard', 'requir', 'emiss', 'sale', 'new', 'manufactur', 'year', 'includ', 'market']",2014
37996,0.424071991001,0.0186602817956,0.00594481207361,0.575928008999,0.140607424072,0.283464566929,13647,"['vehicl', 'standard', 'emiss', 'requir', 'market', 'sale', 'year', 'ford', 'includ', 'manufactur']",2008
37996,0.219128329298,0.100725074776,0.044055546169,0.780871670702,0.14406779661,0.0750605326877,12264,"['vehicl', 'market', 'sale', 'standard', 'year', 'industri', 'ford', 'regul', 'fuel', 'unit']",2009
37996,0.449714285714,0.0114114100812,0.00372381165143,0.550285714286,0.257714285714,0.192,11606,"['vehicl', 'market', 'sale', 'standard', 'industri', 'ford', 'fuel', 'unit', 'year', 'regul']",2011
37996,0.445562130178,0.0843418146905,0.0317071516234,0.554437869822,0.214201183432,0.231360946746,11029,"['vehicl', 'standard', 'requir', 'regul', 'year', 'market', 'emiss', 'new', 'fuel', 'sale']",2010
37996,0.414922168545,0.0658191972572,0.0270132121346,0.585077831455,0.127750939345,0.2871712292,16050,"['vehicl', 'market', 'sale', 'standard', 'ford', 'year', 'industri', 'unit', 'regul', 'manufactur']",2013
37996,0.423503325942,0.861538306347,1.22248043267,0.576496674058,0.324279379157,0.0992239467849,10945,"['compani', 'websit', 'busi', 'financi', 'locker', 'code', 'supplementari', 'foot', 'sec', 'chief']",2012
740663,0.508276533593,0.00325338903964,0.00537259152848,0.491723466407,0.152872444012,0.355404089581,6679,"['loan', 'bank', 'secur', 'commerci', 'deposit', 'loss', 'invest', 'rate', 'account', 'busi']",2015
740663,0.513618677043,0.267061719957,0.249486132248,0.486381322957,0.359922178988,0.153696498054,3800,"['bank', 'loan', 'capit', 'institut', 'requir', 'tier', 'regulatori', 'feder', 'regul', 'credit']",2008
740663,0.516314779271,0.0150252504029,0.00539712395944,0.483685220729,0.147792706334,0.368522072937,6727,"['bank', 'loan', 'capit', 'institut', 'requir', 'feder', 'regul', 'deposit', 'secur', 'regulatori']",2009
740663,0.510144927536,0.279957595959,0.237089036693,0.489855072464,0.368115942029,0.142028985507,3821,"['loan', 'bank', 'secur', 'deposit', 'commerci', 'invest', 'financi', 'borrow', 'loss', 'rate']",2011
740663,0.500482160077,0.0268053227184,0.0454998839593,0.499517839923,0.131147540984,0.369334619094,7046,"['bank', 'loan', 'secur', 'deposit', 'loss', 'invest', 'commerci', 'rate', 'corpor', 'credit']",2010
740663,0.542299349241,0.427687650113,0.279504897743,0.457700650759,0.193781634129,0.348517715112,10499,"['bank', 'capit', 'compani', 'requir', 'loan', 'institut', 'ratio', 'order', 'tier', 'includ']",2013
740663,0.666666666667,0.150101484289,0.0555741603449,0.333333333333,0.509448223734,0.157218442933,3666,"['bank', 'loan', 'capit', 'requir', 'institut', 'regulatori', 'tier', 'feder', 'credit', 'regul']",2012
829114,0.788429752066,0.238659631068,0.112737791671,0.211570247934,0.139669421488,0.648760330579,9109,"['invest', 'partnership', 'real', 'properti', 'estat', 'novemb', 'reit', 'drop', 'quarter', 'hotel']",2015
829114,0.833333333333,0.259564649427,0.126459028232,0.166666666667,0.709595959596,0.123737373737,1953,"['partnership', 'invest', 'real', 'properti', 'market', 'estat', 'elli', 'cb', 'richard', 'new']",2014
829114,0.543071161049,0.199234501148,0.134467010359,0.456928838951,0.189138576779,0.35393258427,1621,"['properti', 'invest', 'partnership', 'real', 'year', 'septemb', 'estat', 'accord', 'vacanc', 'reit']",2008
829114,0.54231433506,0.229664203734,0.246854362124,0.45768566494,0.290155440415,0.252158894646,1463,"['partnership', 'invest', 'real', 'properti', 'market', 'year', 'reit', 'estat', 'volum', 'apart']",2009
829114,0.518072289157,0.707522218182,0.724470022781,0.481927710843,0.225473321859,0.292598967298,1568,"['product', 'busi', 'insur', 'servic', 'financi', 'invest', 'block', 'close', 'includ', 'life']",2011
829114,0.551401869159,0.198856959325,0.0378169571564,0.448598130841,0.392523364486,0.158878504673,1344,"['insur', 'compani', 'financi', 'product', 'design', 'requir', 'regul', 'prudenti', 'risk', 'state']",2010
829114,0.827996340348,0.787659999693,0.762128985916,0.172003659652,0.125343092406,0.702653247941,7667,"['partnership', 'properti', 'invest', 'real', 'market', 'estat', 'year', 'apart', 'total', 'reit']",2013
829114,0.508705114255,0.79457330634,0.753146123403,0.491294885745,0.0288356909684,0.479869423286,31324,"['insur', 'financi', 'compani', 'product', 'requir', 'regul', 'prudenti', 'subject', 'design', 'frb']",2012
1357371,0.994385964912,0.170489896737,0.0324592699206,0.00561403508772,0.0,0.994385964912,13493,"['ga', 'oil', 'natur', 'oper', 'regul', 'product', 'requir', 'price', 'properti', 'state']",2009
1357371,0.255263157895,0.0888905881043,0.0121731316116,0.744736842105,0.192763157895,0.0625,10653,"['ga', 'product', 'oil', 'natur', 'oper', 'field', 'reserv', 'regul', 'requir', 'price']",2012
1357371,0.424308588064,0.0407902993151,0.00508208100549,0.575691411936,0.317321688501,0.106986899563,6752,"['ga', 'oil', 'natur', 'oper', 'product', 'regul', 'price', 'requir', 'reserv', 'properti']",2007
1357371,0.418571428571,0.945309355351,2.84072892705,0.581428571429,0.0885714285714,0.33,11534,"['proceed', 'quarterli', 'cover', 'legal', 'period', 'report', 'parti', 'compani', 'pinnacl', 'piedra']",2010
70866,0.801270941652,0.137367386606,0.0341917205118,0.198729058348,0.715771230503,0.0854997111496,3525,"['ncr', 'servic', 'solut', 'vice', 'presid', 'product', 'technolog', 'retail', 'industri', 'provid']",2014
70866,0.754988913525,0.141123503615,0.0558916803361,0.245011086475,0.30044345898,0.454545454545,3028,"['ncr', 'servic', 'solut', 'product', 'custom', 'provid', 'industri', 'retail', 'includ', 'technolog']",2008
70866,0.182561307902,0.188138892363,0.0711537430232,0.817438692098,0.0422343324251,0.140326975477,3979,"['ncr', 'servic', 'vice', 'presid', 'solut', 'technolog', 'product', 'retail', 'provid', 'includ']",2009
70866,0.207317073171,0.735058408927,0.302913728123,0.792682926829,0.0646341463415,0.142682926829,4556,"['loan', 'student', 'compani', 'servic', 'educ', 'rate', 'ffelp', 'program', 'borrow', 'provid']",2011
70866,0.364386792453,0.764460278621,0.299992146574,0.635613207547,0.268867924528,0.0955188679245,3045,"['novemb', 'financi', 'statement', 'compani', 'condens', 'end', 'period', 'cash', 'compar', 'increas']",2010
70866,0.712746858169,0.812328683524,0.498736517731,0.287253141831,0.269299820467,0.443447037702,6196,"['test', 'laboratori', 'cancer', 'servic', 'molecular', 'mr', 'client', 'genet', 'compani', 'diagnost']",2012
716006,0.749464668094,0.0460057875656,0.0151189784958,0.250535331906,0.361170592434,0.38829407566,4616,"['servic', 'transport', 'provid', 'oper', 'region', 'usf', 'yellow', 'roadway', 'custom', 'shipment']",2012
716006,0.748002904866,0.187480203557,0.0766027671749,0.251997095134,0.397966594045,0.350036310821,4560,"['servic', 'transport', 'provid', 'yrc', 'freight', 'region', 'oper', 'shipment', 'regul', 'site']",2011
716006,0.142058165548,0.141473392936,0.056149324834,0.857941834452,0.0693512304251,0.072706935123,4573,"['transport', 'servic', 'yrc', 'provid', 'oper', 'region', 'logist', 'nation', 'shipment', 'compani']",2007
716006,0.319191919192,0.797817420994,0.564916931336,0.680808080808,0.159595959596,0.159595959596,4287,"['compani', 'dental', 'product', 'prophi', 'fda', 'manufactur', 'use', 'market', 'includ', 'angl']",2010
1069394,0.729481286934,0.0,-2.22044604925e-15,0.270518713066,0.502954694682,0.226526592252,4496,"['tpa', 'product', 'pool', 'water', 'use', 'heatavr', 'wateravr', 'market', 'blanket', 'energi']",2014
1069394,0.785842293907,0.769353043327,0.433562494053,0.214157706093,0.464157706093,0.321684587814,3124,"['bakeri', 'product', 'flower', 'fresh', 'compani', 'brand', 'food', 'bake', 'dsd', 'custom']",2009
1069394,0.0,0.770074104519,0.333795029978,1.0,0.0,0.0,3124,"['servic', 'client', 'financi', 'payment', 'product', 'institut', 'process', 'provid', 'busi', 'account']",2010
1069394,0.765,0.792481982276,0.463684485358,0.235,0.263333333333,0.501666666667,4824,"['singlecel', 'ifc', 'cell', 'gene', 'analysi', 'genom', 'research', 'product', 'sampl', 'licens']",2012
936340,0.755800464037,0.0136247749518,0.0173273578507,0.244199535963,0.430974477958,0.324825986079,6341,"['compani', 'product', 'drilquip', 'drill', 'custom', 'subsea', 'oil', 'offshor', 'manufactur', 'ga']",2013
936340,0.126336248785,0.676172052062,0.601497187263,0.873663751215,0.0796890184645,0.0466472303207,6050,"['product', 'voic', 'home', 'market', 'cordless', 'mobil', 'technolog', 'telephoni', 'phone', 'devic']",2012
1283140,0.710144927536,0.366018279499,0.0262629941356,0.289855072464,0.217391304348,0.492753623188,11147,"['holli', 'pipelin', 'refin', 'termin', 'alon', 'product', 'agreement', 'million', 'refineri', 'new']",2014
1283140,0.694881889764,0.818481768828,0.585792773678,0.305118110236,0.474409448819,0.220472440945,5575,"['store', 'product', 'custom', 'fiscal', 'depot', 'home', 'program', 'improv', 'energi', 'associ']",2011
1283140,0.283740701382,0.895425225931,0.60262942863,0.716259298618,0.134962805526,0.148777895855,5059,"['bank', 'loan', 'deposit', 'centenni', 'capit', 'hold', 'requir', 'florida', 'feder', 'reserv']",2007
1283140,0.749614791988,0.890661921832,0.263098352416,0.250385208012,0.376733436055,0.372881355932,4139,"['holli', 'pipelin', 'refin', 'refineri', 'agreement', 'termin', 'rack', 'product', 'load', 'tulsa']",2013
1070296,0.851612903226,0.00496191679172,0.00871552735135,0.148387096774,0.0562211981567,0.795391705069,8444,"['bank', 'loan', 'compani', 'mortgag', 'feder', 'residenti', 'counti', 'portfolio', 'deposit', 'market']",2015
1070296,0.85332103321,0.0105283290949,0.0440910883921,0.14667896679,0.797970479705,0.0553505535055,759,"['bank', 'loan', 'compani', 'mortgag', 'feder', 'residenti', 'counti', 'portfolio', 'deposit', 'market']",2008
1070296,0.079295154185,0.00388905673177,0.0196533775003,0.920704845815,0.0440528634361,0.0352422907489,759,"['bank', 'loan', 'compani', 'residenti', 'feder', 'mortgag', 'counti', 'portfolio', 'market', 'deposit']",2009
1070296,0.027027027027,0.00711086059382,0.0335242302185,0.972972972973,0.0045045045045,0.0225225225225,770,"['bank', 'loan', 'compani', 'feder', 'mortgag', 'residenti', 'counti', 'deposit', 'portfolio', 'market']",2011
1070296,0.0622222222222,0.584736612849,0.718831195275,0.937777777778,0.0444444444444,0.0177777777778,744,"['busey', 'bank', 'requir', 'financi', 'capit', 'reserv', 'state', 'feder', 'compani', 'institut']",2010
1070296,0.869704236611,0.236101937162,0.0357321216859,0.130295763389,0.0415667466027,0.828137490008,11593,"['bank', 'financi', 'requir', 'capit', 'prefer', 'compani', 'loan', 'gener', 'reserv', 'certain']",2013
1018724,0.752145922747,0.137043924405,0.12435557601,0.247854077253,0.427038626609,0.325107296137,3036,"['presid', 'vice', 'senior', 'mr', 'amazoncom', 'serv', 'servic', 'custom', 'sinc', 'april']",2015
1018724,0.775418994413,0.111426626309,0.0961704112703,0.224581005587,0.372067039106,0.403351955307,2301,"['presid', 'vice', 'custom', 'servic', 'fulfil', 'web', 'mr', 'amazon', 'senior', 'offer']",2014
1018724,0.766118836915,0.0373579546164,0.0111707474074,0.233881163085,0.476611883692,0.289506953224,1564,"['vice', 'presid', 'custom', 'servic', 'mr', 'senior', 'web', 'product', 'amazoncom', 'fulfil']",2008
1018724,0.338187702265,0.832988212428,0.334312013732,0.661812297735,0.00809061488673,0.330097087379,2630,"['educ', 'student', 'program', 'travel', 'peopl', 'ambassador', 'school', 'high', 'teacher', 'experi']",2009
1018724,0.151785714286,0.853280214819,0.434716604379,0.848214285714,0.0639880952381,0.0877976190476,2861,"['presid', 'vice', 'servic', 'serv', 'senior', 'mr', 'busi', 'includ', 'custom', 'sinc']",2010
1018724,0.463917525773,0.848846895112,0.406226520709,0.536082474227,0.39027982327,0.0736377025037,1332,"['program', 'peopl', 'educ', 'student', 'travel', 'ambassador', 'school', 'deleg', 'market', 'experi']",2013
1018724,0.769230769231,0.889998021477,0.613026485885,0.230769230769,0.251748251748,0.517482517483,2862,"['altria', 'tobacco', 'group', 'product', 'wine', 'pm', 'unit', 'michel', 'ste', 'subsidiari']",2012
1064116,0.688900747065,0.020195877519,0.0131014652467,0.311099252935,0.409818569904,0.279082177161,15796,"['cabl', 'servic', 'custom', 'fcc', 'oper', 'provid', 'program', 'local', 'digit', 'franchis']",2015
1064116,0.667194928685,0.0786139256815,0.0330903339942,0.332805071315,0.251452720549,0.415742208135,16929,"['servic', 'cabl', 'custom', 'fcc', 'provid', 'video', 'program', 'local', 'network', 'oper']",2014
1064116,0.356155778894,0.0306271383272,0.00985179948285,0.643844221106,0.246231155779,0.109924623116,14034,"['servic', 'cabl', 'custom', 'fcc', 'provid', 'program', 'local', 'oper', 'requir', 'video']",2008
1064116,0.457568807339,0.0108456441945,0.00559137845189,0.542431192661,0.145642201835,0.311926605505,12343,"['servic', 'cabl', 'custom', 'fcc', 'provid', 'program', 'oper', 'local', 'network', 'video']",2009
1064116,0.298275862069,0.0354165620139,0.0121961983767,0.701724137931,0.154597701149,0.14367816092,12646,"['cabl', 'servic', 'custom', 'fcc', 'provid', 'oper', 'program', 'local', 'digit', 'franchis']",2011
1064116,0.128688010044,0.858352724831,0.451788206947,0.871311989956,0.052102950408,0.0765850596359,13009,"['mit', 'compani', 'china', 'medjet', 'injector', 'ventur', 'medic', 'joint', 'inject', 'needlefre']",2010
1064116,0.76694214876,0.856087955904,0.427188622797,0.23305785124,0.598898071625,0.168044077135,4260,"['servic', 'cabl', 'custom', 'fcc', 'provid', 'program', 'oper', 'local', 'requir', 'phone']",2013
1064116,0.751942618051,0.760993801014,0.343438694201,0.248057381949,0.187089061566,0.564853556485,10826,"['septemb', 'month', 'compani', 'end', 'pakistan', 'condens', 'adjust', 'oper', 'acquisit', 'respect']",2012
1487052,0.424657534247,0.718200307578,0.2788170337,0.575342465753,0.212002609263,0.212654924984,11700,"['million', 'decemb', 'oper', 'compani', 'quarter', 'revenu', 'end', 'includ', 'segment', 'viacom']",2011
1487052,0.687213448803,0.726953939978,0.552673561167,0.312786551197,0.302598064187,0.384615384615,11160,"['servic', 'custom', 'uk', 'broadband', 'network', 'provid', 'televis', 'virgin', 'tv', 'cabl']",2013
1487052,0.719764011799,0.825688601551,0.530497104984,0.280235988201,0.527433628319,0.192330383481,7255,"['loan', 'bank', 'deposit', 'institut', 'million', 'compani', 'real', 'estat', 'rate', 'commerci']",2012
1175454,0.277169948942,0.0100285668913,0.0110887948557,0.722830051058,0.245076586433,0.0320933625091,6715,"['card', 'custom', 'market', 'fleet', 'servic', 'provid', 'network', 'compani', 'product', 'manag']",2014
1175454,0.113721804511,0.800574246212,0.555586301295,0.886278195489,0.0864661654135,0.0272556390977,6213,"['duke', 'energi', 'progress', 'carolina', 'florida', 'usfeg', 'ohio', 'nuclear', 'gener', 'cost']",2011
1175454,0.736645299145,0.801335996669,0.512016434131,0.263354700855,0.255876068376,0.480769230769,14939,"['card', 'custom', 'fleet', 'market', 'servic', 'network', 'product', 'provid', 'compani', 'manag']",2013
1175454,0.739410187668,0.0448097021214,0.0417999388727,0.260589812332,0.486327077748,0.25308310992,6205,"['card', 'servic', 'custom', 'network', 'fleet', 'provid', 'payment', 'market', 'includ', 'product']",2012
757011,0.323665893271,0.0362644277395,0.0599628440243,0.676334106729,0.10788863109,0.215777262181,4160,"['gypsum', 'product', 'unit', 'state', 'construct', 'ceil', 'wallboard', 'market', 'suppli', 'approxim']",2014
757011,0.271662763466,0.0251012850491,0.049363748672,0.728337236534,0.172131147541,0.0995316159251,3677,"['gypsum', 'product', 'unit', 'ceil', 'construct', 'state', 'includ', 'wallboard', 'suppli', 'market']",2008
757011,0.137931034483,0.0590460535529,0.0884961234249,0.862068965517,0.0755968169761,0.0623342175066,3558,"['gypsum', 'product', 'includ', 'unit', 'boral', 'construct', 'ceil', 'state', 'usg', 'use']",2009
757011,0.355405405405,0.130099803364,0.570367495943,0.644594594595,0.297297297297,0.0581081081081,2172,"['gypsum', 'product', 'ceil', 'suppli', 'state', 'wallboard', 'unit', 'includ', 'manufactur', 'usg']",2011
757011,0.431873479319,0.0702813136221,0.595473611587,0.568126520681,0.0644768856448,0.367396593674,4160,"['product', 'gypsum', 'unit', 'state', 'construct', 'ceil', 'approxim', 'suppli', 'market', 'wallboard']",2010
757011,0.381861575179,0.0247552237843,0.124144817205,0.618138424821,0.299522673031,0.082338902148,2575,"['gypsum', 'product', 'unit', 'ceil', 'suppli', 'state', 'wallboard', 'market', 'includ', 'approxim']",2013
757011,0.13984962406,0.106775384416,0.344282385804,0.86015037594,0.0225563909774,0.117293233083,3097,"['gypsum', 'product', 'includ', 'unit', 'boral', 'construct', 'ceil', 'state', 'usg', 'use']",2012
701288,0.29465301479,0.16392991247,0.0084604416384,0.70534698521,0.160409556314,0.134243458476,3567,"['product', 'manufactur', 'devic', 'medic', 'market', 'use', 'develop', 'percent', 'custom', 'fda']",2015
701288,0.728706624606,0.162983113033,0.00868865439835,0.271293375394,0.31072555205,0.417981072555,7983,"['compani', 'product', 'manufactur', 'medic', 'devic', 'market', 'use', 'develop', 'percent', 'custom']",2014
701288,0.742879137798,0.187639801428,0.0301211627483,0.257120862202,0.415704387991,0.327174749808,3263,"['product', 'manufactur', 'medic', 'devic', 'market', 'percent', 'use', 'custom', 'fda', 'develop']",2008
701288,0.025974025974,0.847333450619,0.779378186156,0.974025974026,0.0116883116883,0.0142857142857,3332,"['rig', 'drill', 'valu', 'fair', 'statement', 'cash', 'contract', 'end', 'day', 'credit']",2009
701288,0.195331695332,0.839822288472,0.690493927496,0.804668304668,0.130221130221,0.0651105651106,3270,"['product', 'manufactur', 'medic', 'devic', 'market', 'healthcar', 'use', 'state', 'develop', 'percent']",2010
1281761,0.0918580375783,0.07758877415,0.0564995141751,0.908141962422,0.044885177453,0.0469728601253,6834,"['bank', 'region', 'capit', 'requir', 'compani', 'feder', 'institut', 'financi', 'rule', 'reserv']",2008
1281761,0.271720613288,0.0634163815482,0.0137348319313,0.728279386712,0.0511073253833,0.220613287905,10960,"['bank', 'region', 'capit', 'institut', 'financi', 'compani', 'insur', 'feder', 'requir', 'regul']",2011
1281761,0.297159504734,0.0199044949663,0.0109121409138,0.702840495266,0.108521485798,0.188638018937,13114,"['bank', 'region', 'institut', 'capit', 'insur', 'compani', 'financi', 'feder', 'requir', 'hold']",2010
1281761,0.75452570601,0.823254740386,0.406303407132,0.24547429399,0.640839971035,0.113685734975,3515,"['month', 'end', 'januari', 'regi', 'financi', 'engin', 'option', 'exercis', 'period', 'statement']",2013
1281761,0.743611584327,0.842289859886,0.474496234599,0.256388415673,0.166098807496,0.577512776831,8424,"['bank', 'region', 'capit', 'institut', 'compani', 'insur', 'feder', 'financi', 'hold', 'requir']",2012
1102993,0.749469214437,0.0424050710731,0.0248346811372,0.250530785563,0.363057324841,0.386411889597,5540,"['onlin', 'liveperson', 'servic', 'custom', 'solut', 'client', 'busi', 'consum', 'market', 'provid']",2015
1102993,0.754842280022,0.0723252962666,0.0305954982839,0.245157719978,0.252905368013,0.501936912009,10341,"['onlin', 'servic', 'client', 'liveperson', 'custom', 'solut', 'market', 'busi', 'technolog', 'provid']",2014
1102993,0.722192078133,0.0796644446174,0.0320242308318,0.277807921867,0.454693434617,0.267498643516,6213,"['onlin', 'servic', 'liveperson', 'custom', 'client', 'solut', 'busi', 'consum', 'market', 'provid']",2008
1102993,0.13023255814,0.734660724383,0.533896326052,0.86976744186,0.0651162790698,0.0651162790698,6163,"['busi', 'compani', 'reorgan', 'sec', 'requir', 'sharehold', 'shell', 'entiti', 'merger', 'statement']",2011
1102993,0.369565217391,0.835597557987,0.425799641829,0.630434782609,0.24347826087,0.126086956522,9597,"['ga', 'pipelin', 'highmount', 'drill', 'offshor', 'rig', 'boardwalk', 'cna', 'diamond', 'reserv']",2010
1102993,0.763745704467,0.928772505807,0.65221602486,0.236254295533,0.51116838488,0.252577319588,3358,"['lb', 'cancer', 'clinic', 'compani', 'trial', 'drug', 'compound', 'diseas', 'treatment', 'seri']",2013
1161728,0.735639686684,0.0249958592771,0.0297736342634,0.264360313316,0.256527415144,0.47911227154,7560,"['mge', 'facil', 'power', 'gener', 'iso', 'energi', 'cost', 'oper', 'electr', 'wisconsin']",2015
1161728,0.739218328841,0.121195036571,0.046026103989,0.260781671159,0.506738544474,0.232479784367,4382,"['mge', 'epa', 'emiss', 'electr', 'oper', 'rule', 'energi', 'gener', 'wisconsin', 'facil']",2008
1161728,0.391732283465,0.0546734443274,0.0200594989934,0.608267716535,0.112204724409,0.279527559055,6156,"['mge', 'epa', 'oper', 'electr', 'gener', 'wisconsin', 'energi', 'columbia', 'standard', 'unit']",2009
1161728,0.345711759505,0.0720745792257,0.0221585076222,0.654288240495,0.143236074271,0.202475685234,6411,"['mge', 'energi', 'oper', 'wisconsin', 'facil', 'gener', 'power', 'cost', 'electr', 'emiss']",2011
1161728,0.281085814361,0.127974609296,0.0810284986782,0.718914185639,0.129597197898,0.151488616462,7698,"['mge', 'emiss', 'csapr', 'oper', 'electr', 'gener', 'unit', 'facil', 'epa', 'wisconsin']",2010
1161728,0.358288770053,0.848985653344,0.526698772575,0.641711229947,0.244206773619,0.114081996435,5739,"['resort', 'mgm', 'game', 'casino', 'macau', 'oper', 'vega', 'la', 'hotel', 'custom']",2012
1017673,0.200710479574,0.0560768131758,0.0228100346042,0.799289520426,0.117229129663,0.0834813499112,2982,"['event', 'nascar', 'facil', 'seri', 'memphi', 'race', 'asset', 'coast', 'gulf', 'motorsport']",2015
1017673,0.154128440367,0.175839774681,0.0382992643161,0.845871559633,0.0660550458716,0.0880733944954,2841,"['nascar', 'event', 'seri', 'nextel', 'race', 'busch', 'promot', 'facil', 'motorsport', 'broadcast']",2008
1017673,0.259005145798,0.233802867304,0.0722800661155,0.740994854202,0.132075471698,0.126929674099,2576,"['event', 'nascar', 'facil', 'race', 'festiv', 'dover', 'promot', 'seri', 'music', 'asset']",2009
1017673,0.394779771615,0.157208528105,0.0517038475594,0.605220228385,0.220228384992,0.174551386623,2447,"['event', 'facil', 'nascar', 'seri', 'asset', 'race', 'valu', 'carri', 'dover', 'impair']",2011
1017673,0.82570977918,0.91232304338,0.835753747058,0.17429022082,0.202681388013,0.623028391167,5460,"['product', 'segment', 'manufactur', 'serv', 'market', 'busi', 'technolog', 'commun', 'energi', 'growth']",2013
1017673,0.821625887924,0.911412181706,0.823498954523,0.178374112076,0.619573796369,0.202052091555,3121,"['event', 'facil', 'nascar', 'asset', 'seri', 'race', 'valu', 'carri', 'memphi', 'dover']",2012
1001250,0.238165680473,0.0277285321353,0.605796536976,0.761834319527,0.205621301775,0.0325443786982,6466,"['product', 'brand', 'fragranc', 'presid', 'market', 'care', 'sale', 'retail', 'store', 'skin']",2008
1001250,0.21246923708,0.041593384071,0.301201765052,0.78753076292,0.0935192780968,0.118949958983,7537,"['product', 'brand', 'global', 'presid', 'market', 'sale', 'fragranc', 'care', 'develop', 'retail']",2011
1001250,0.0769896193772,0.0152711400193,0.0469848826551,0.923010380623,0.0328719723183,0.0441176470588,7437,"['product', 'brand', 'presid', 'global', 'market', 'store', 'retail', 'sale', 'care', 'fragranc']",2010
1001250,0.198036006547,0.0173574613539,0.0805886490581,0.801963993453,0.112929623568,0.0851063829787,6790,"['product', 'brand', 'presid', 'fragranc', 'market', 'store', 'retail', 'sale', 'develop', 'global']",2013
1001250,0.0703472840606,0.00891889716046,0.106498550721,0.929652715939,0.0356188780053,0.0347284060552,7487,"['product', 'brand', 'fragranc', 'store', 'presid', 'market', 'sale', 'retail', 'care', 'global']",2012
877860,0.177559912854,0.075705933714,0.0420435422475,0.822440087146,0.132897603486,0.0446623093682,6014,"['care', 'facil', 'leas', 'health', 'oper', 'invest', 'provid', 'offic', 'advisori', 'state']",2014
877860,0.308629441624,0.365835194717,0.358917129049,0.691370558376,0.116751269036,0.191878172589,6244,"['care', 'servic', 'center', 'health', 'provid', 'nurs', 'manag', 'oper', 'patient', 'state']",2008
877860,0.228513650152,0.333998891869,0.331024282913,0.771486349848,0.108190091001,0.120323559151,6654,"['facil', 'care', 'leas', 'health', 'oper', 'nhc', 'invest', 'provid', 'servic', 'properti']",2011
877860,0.574918566775,0.0419876262723,0.0498199067904,0.425081433225,0.293159609121,0.281758957655,6431,"['care', 'facil', 'health', 'leas', 'invest', 'oper', 'provid', 'nhc', 'state', 'borrow']",2012
